{"cameraMode":{"drawMode":0,"name":"Shaded","section":"Shading Mode"},"sceneLighting":false,"audioPlay":false,"sceneViewState":{"m_AlwaysRefresh":false,"showFog":true,"showSkybox":false,"showFlares":true,"showImageEffects":true,"showParticleSystems":true,"showVisualEffectGraphs":true,"m_FxEnabled":true},"in2DMode":false,"pivot":{"x":-0.02817225456237793,"y":0.7223457098007202,"z":-0.16170310974121095},"rotation":{"x":0.24377544224262238,"y":-0.27165162563323977,"z":0.07133758068084717,"w":0.928288459777832},"size":3.020643711090088,"orthographic":false}